2011-01-01 00:00:21,file_download,"1cb6133dmu.doc"
2011-01-01 00:41:55,file_download,"ngkcy1jmb3.jpg"
2011-01-01 01:35:03,file_download,"alcl7py3kk.doc"
2011-01-01 02:52:15,file_download,"hbu1d42lev.avi"
2011-01-01 03:07:00,file_download,"z455344dl.gif"
2011-01-01 03:27:38,file_upload,"hbu1d42lev.avi"
2011-01-01 04:11:15,file_download,"4msmv5gtnw.gif"
2011-01-01 04:38:39,file_download,"nx6xvkff.avi"
2011-01-01 05:29:53,file_download,"hbu1d42lev.avi"
2011-01-01 05:33:12,file_upload,"z1jkm6mkny.gif"
2011-01-01 05:49:05,file_download,"vhh5idcdr.doc"
2011-01-01 05:50:57,file_download,"fsxc8bnhxy.mpg"
2011-01-01 06:08:19,file_download,"camjg532yl.mpg"
2011-01-01 06:40:02,file_download,"opf8yr3aet.mpg"
2011-01-01 08:34:08,file_upload,"ajd415skph.gif"
2011-01-01 08:53:19,file_upload,"f1fk8cgs6r.mpg"
2011-01-01 08:56:51,file_upload,"4msmv5gtnw.gif"
2011-01-01 09:15:23,file_download,"fozv6ihw48.mpg"
2011-01-01 09:37:06,file_upload,"f1fk8cgs6r.mpg"
2011-01-01 10:43:57,file_download,"ajd415skph.gif"
2011-01-01 11:15:27,file_download,"alcl7py3kk.doc"
2011-01-01 12:21:58,file_download,"vhh5idcdr.doc"
2011-01-01 12:32:08,file_upload,"ajd415skph.gif"
2011-01-01 13:01:27,file_download,"elr28ge6nw.doc"
2011-01-01 13:31:19,file_upload,"7oxl3k4r3i.gif"
2011-01-01 13:32:21,file_download,"ny2pbmbpef.gif"
2011-01-01 13:50:03,file_download,"tdxnidg5dh.doc"
2011-01-01 14:41:55,file_upload,"ze9ruqea4.avi"
2011-01-01 15:03:50,file_download,"tab5sgm5rx.gif"
2011-01-01 15:40:52,file_upload,"3pwe2ee8mf.doc"
2011-01-01 15:42:56,file_download,"fnzm5cbbdl.doc"
2011-01-01 15:52:12,file_upload,"zxc982wxw.mpg"
2011-01-01 17:43:10,file_download,"4msmv5gtnw.gif"
2011-01-01 17:51:44,file_download,"nx6xvkff.avi"
2011-01-01 19:11:31,file_download,"ny2pbmbpef.gif"
2011-01-01 19:21:07,file_download,"ajd415skph.gif"
2011-01-01 20:02:16,file_download,"z455344dl.gif"
2011-01-01 22:13:22,file_download,"1cb6133dmu.doc"
2011-01-01 23:21:01,file_download,"wuzoyvxsrf.mpg"
2011-01-02 02:59:47,file_download,"f1fk8cgs6r.mpg"
2011-01-02 03:36:21,file_download,"7oxl3k4r3i.gif"
2011-01-02 05:08:41,file_download,"fnzm5cbbdl.doc"
2011-01-02 06:54:43,file_upload,"ze9ruqea4.avi"
2011-01-02 07:00:43,file_download,"mz1law5oyy.avi"
2011-01-02 07:44:39,file_upload,"z1jkm6mkny.gif"
2011-01-02 09:45:43,file_download,"ny2pbmbpef.gif"
2011-01-02 10:23:59,file_upload,"z1jkm6mkny.gif"
2011-01-02 11:21:25,file_download,"hbu1d42lev.avi"
2011-01-02 11:51:02,file_download,"z1jkm6mkny.gif"
2011-01-02 12:45:09,file_download,"ngkcy1jmb3.jpg"
2011-01-02 13:24:42,file_download,"2yqgnebp4p.jpg"
2011-01-02 15:45:17,file_download,"3pwe2ee8mf.doc"
2011-01-02 17:42:04,file_download,"mz1law5oyy.avi"
2011-01-02 17:51:10,file_upload,"ajd415skph.gif"
2011-01-02 18:41:23,file_download,"z1jkm6mkny.gif"
2011-01-02 19:56:25,file_download,"nx6xvkff.avi"
2011-01-02 19:59:28,file_download,"tdxnidg5dh.doc"
2011-01-02 20:22:08,file_upload,"mz1law5oyy.avi"
2011-01-02 21:48:13,file_download,"3pwe2ee8mf.doc"
2011-01-02 21:52:14,file_download,"f1fk8cgs6r.mpg"
2011-01-02 21:52:22,file_download,"fozv6ihw48.mpg"
2011-01-03 00:00:30,file_download,"opf8yr3aet.mpg"
2011-01-03 00:04:10,file_download,"zxc982wxw.mpg"
2011-01-03 00:12:03,file_upload,"mz1law5oyy.avi"
2011-01-03 01:12:44,file_upload,"f1fk8cgs6r.mpg"
2011-01-03 02:52:57,file_upload,"ze9ruqea4.avi"
2011-01-03 03:31:20,file_upload,"v2uuy1986o.mpg"
2011-01-03 03:35:05,file_download,"fozv6ihw48.mpg"
2011-01-03 05:23:22,file_upload,"ny2pbmbpef.gif"
2011-01-03 06:40:17,file_download,"hbu1d42lev.avi"
2011-01-03 06:51:23,file_download,"ajd415skph.gif"
2011-01-03 08:29:23,file_download,"f1fk8cgs6r.mpg"
2011-01-03 09:20:04,file_download,"xvx1q3ykgz.avi"
2011-01-03 10:09:46,file_download,"zxc982wxw.mpg"
2011-01-03 10:11:59,file_upload,"7oxl3k4r3i.gif"
2011-01-03 10:30:57,file_upload,"2yqgnebp4p.jpg"
2011-01-03 10:31:35,file_download,"v2uuy1986o.mpg"
2011-01-03 10:50:14,file_upload,"hbu1d42lev.avi"
2011-01-03 11:15:17,file_download,"alcl7py3kk.doc"
2011-01-03 12:07:27,file_upload,"jinswwvh22.avi"
2011-01-03 13:00:31,file_download,"fnzm5cbbdl.doc"
2011-01-03 13:25:23,file_download,"alcl7py3kk.doc"
2011-01-03 13:33:39,file_download,"ny2pbmbpef.gif"
2011-01-03 13:44:27,file_download,"ajd415skph.gif"
2011-01-03 14:33:48,file_download,"tdxnidg5dh.doc"
2011-01-03 14:44:26,file_download,"fsxc8bnhxy.mpg"
2011-01-03 14:46:48,file_download,"vhh5idcdr.doc"
2011-01-03 15:20:24,file_download,"ze9ruqea4.avi"
2011-01-03 16:33:52,file_upload,"nx6xvkff.avi"
2011-01-03 16:51:06,file_download,"2yqgnebp4p.jpg"
2011-01-03 17:37:02,file_upload,"hbu1d42lev.avi"
2011-01-03 21:32:44,file_download,"jinswwvh22.avi"
2011-01-03 21:42:31,file_download,"jinswwvh22.avi"
2011-01-03 22:24:18,file_download,"hbu1d42lev.avi"
2011-01-04 00:15:41,file_download,"4msmv5gtnw.gif"
2011-01-04 00:29:54,file_download,"tdxnidg5dh.doc"
2011-01-04 01:16:34,file_download,"tdxnidg5dh.doc"
2011-01-04 02:29:17,file_download,"ny2pbmbpef.gif"
2011-01-04 03:21:24,file_upload,"z455344dl.gif"
2011-01-04 03:25:47,file_download,"fnzm5cbbdl.doc"
